TITLE,RELEASE_YEAR,SCORE,NUMBER_OF_SEASONS,MAIN_GENRE,MAIN_PRODUCTION
Monty Python's Flying Circus,1969,8.8,4.0,comedy,GB
Knight Rider,1982,7.825000000000001,4.0,action,US
Seinfeld,1989,8.9,9.0,comedy,US
Star Trek: Deep Space Nine,1993,8.1,7.0,scifi,US
Neon Genesis Evangelion,1995,8.5,1.0,scifi,JP
Stargate SG-1,1997,8.4,10.0,scifi,US
Cowboy Bebop,1998,8.9,1.0,western,JP
One Piece,1999,8.8,10.5,action,JP
Gilmore Girls,2000,8.2,8.0,comedy,US
Trailer Park Boys,2001,8.6,10.5,comedy,CA
Naruto,2002,8.4,6.0,scifi,JP
Chappelle's Show,2003,8.8,3.0,comedy,US
The 4400,2004,7.825000000000001,4.0,scifi,US
Avatar: The Last Airbender,2005,9.3,3.0,scifi,US
DEATH NOTE,2006,9.0,1.0,scifi,JP
iCarly,2007,7.825000000000001,6.0,comedy,US
Breaking Bad,2008,9.5,5.0,drama,US
Community,2009,8.5,6.0,comedy,US
Downton Abbey,2010,8.7,6.0,drama,GB
Hunter x Hunter,2011,9.0,3.0,drama,JP
Call the Midwife,2012,8.5,10.5,drama,GB
Attack on Titan,2013,9.0,4.0,scifi,JP
BoJack Horseman,2014,8.8,6.0,drama,US
Better Call Saul,2015,8.8,6.0,comedy,US
Stranger Things,2016,8.7,5.0,scifi,US
Anne with an E,2017,8.7,3.0,drama,CA
Cobra Kai,2018,8.6,5.0,action,US
Kota Factory,2019,9.3,2.0,drama,IN
The Last Dance,2020,9.1,1.0,documentary,US
Arcane,2021,9.1,1.0,action,US
Heartstopper,2022,8.9,1.0,drama,GB
