TITLE,RELEASE_YEAR,SCORE,NUMBER_OF_VOTES,DURATION,NUMBER_OF_SEASONS,MAIN_GENRE,MAIN_PRODUCTION
Breaking Bad,2008,7.35,-28576,15,-1,drama,US
Avatar: The Last Airbender,2005,7.35,-28576,15,-1,scifi,US
Our Planet,2019,7.35,-28576,15,-1,documentary,GB
Kota Factory,2019,7.35,-28576,15,-1,drama,IN
The Last Dance,2020,7.35,-28576,15,-1,documentary,US
Arcane,2021,7.35,-28576,15,-1,action,US
Attack on Titan,2013,7.35,-28576,15,-1,scifi,JP
Hunter x Hunter,2011,7.35,-28576,15,-1,drama,JP
DEATH NOTE,2006,7.35,-28576,15,-1,scifi,JP
Seinfeld,1989,7.35,-28576,15,-1,comedy,US
Cowboy Bebop,1998,7.35,-28576,15,-1,western,JP
Heartstopper,2022,7.35,-28576,15,-1,drama,GB
When They See Us,2019,7.35,-28576,15,-1,drama,US
Monty Python's Flying Circus,1969,7.35,-28576,15,-1,comedy,GB
BoJack Horseman,2014,7.35,-28576,15,-1,drama,US
Chappelle's Show,2003,7.35,-28576,15,-1,comedy,US
Better Call Saul,2015,7.35,-28576,15,-1,comedy,US
Narcos,2015,7.35,-28576,15,-1,drama,US
One Piece,1999,7.35,-28576,15,-1,action,JP
Peaky Blinders,2013,7.35,-28576,15,-1,drama,GB
Anne with an E,2017,7.35,-28576,15,-1,drama,CA
Dark,2017,7.35,-28576,15,-1,scifi,DE
House of Cards,2013,7.35,-28576,15,-1,drama,US
Demon Slayer: Kimetsu no Yaiba,2019,7.35,-28576,15,-1,animation,JP
Stranger Things,2016,7.35,-28576,15,-1,scifi,US
One-Punch Man,2015,7.35,-28576,15,-1,action,JP
The Crown,2016,7.35,-28576,15,-1,drama,US
Arrested Development,2003,7.35,-28576,15,-1,comedy,US
Friday Night Lights,2006,7.35,-28576,15,-1,drama,US
Downton Abbey,2010,7.35,-28576,15,-1,drama,GB
Code Geass: Lelouch of the Rebellion,2006,7.35,-28576,15,-1,scifi,JP
Trailer Park Boys,2001,7.35,-28576,15,-1,comedy,CA
Mindhunter,2017,7.35,-28576,15,-1,crime,US
The Haunting of Hill House,2018,7.35,-28576,15,-1,drama,US
The Queen's Gambit,2020,7.35,-28576,15,-1,drama,US
Cobra Kai,2018,7.35,-28576,15,-1,action,US
Wentworth,2013,7.35,-28576,15,-1,drama,AU
It's Okay to Not Be Okay,2020,7.35,-28576,15,-1,drama,KR
Making a Murderer,2015,7.35,-28576,15,-1,crime,US
Shameless,2011,7.35,-28576,15,-1,drama,US
Sacred Games,2018,7.35,-28576,15,-1,action,IN
Formula 1: Drive to Survive,2019,7.35,-28576,15,-1,documentary,GB
Queer Eye,2018,7.35,-28576,15,-1,reality,US
Community,2009,7.35,-28576,15,-1,comedy,US
The Last Kingdom,2015,7.35,-28576,15,-1,action,GB
Schitt's Creek,2015,7.35,-28576,15,-1,comedy,CA
Neon Genesis Evangelion,1995,7.35,-28576,15,-1,scifi,JP
Call the Midwife,2012,7.35,-28576,15,-1,drama,GB
The IT Crowd,2006,7.35,-28576,15,-1,comedy,GB
ERASED,2016,7.35,-28576,15,-1,drama,JP
Supernatural,2005,7.35,-28576,15,-1,scifi,US
Ozark,2017,7.35,-28576,15,-1,crime,US
Delhi Crime,2019,7.35,-28576,15,-1,drama,IN
After Life,2019,7.35,-28576,15,-1,comedy,GB
Hilda,2018,7.35,-28576,15,-1,scifi,GB
Borgen,2010,7.35,-28576,15,-1,drama,DK
Ash vs Evil Dead,2015,7.35,-28576,15,-1,action,US
Heartland,2007,7.35,-28576,15,-1,drama,CA
Unbelievable,2019,7.35,-28576,15,-1,drama,US
The Promised Neverland,2019,7.35,-28576,15,-1,scifi,JP
Derry Girls,2018,7.35,-28576,15,-1,comedy,GB
Innocent,2017,7.35,-28576,15,-1,drama,TR
Trollhunters: Tales of Arcadia,2016,7.35,-28576,15,-1,action,US
Outlander,2014,7.35,-28576,15,-1,scifi,US
The Legend of Korra,2012,7.35,-28576,15,-1,action,US
The Dark Crystal: Age of Resistance,2019,7.35,-28576,15,-1,scifi,GB
Vincenzo,2021,7.35,-28576,15,-1,action,KR
Top Boy,2011,7.35,-28576,15,-1,drama,GB
Babylon Berlin,2017,7.35,-28576,15,-1,crime,DE
Stargate SG-1,1997,7.35,-28576,15,-1,scifi,US
Violet Evergarden,2018,7.35,-28576,15,-1,drama,JP
Narcos: Mexico,2018,7.35,-28576,15,-1,drama,US
The Dragon Prince,2018,7.35,-28576,15,-1,scifi,US
Maid,2021,7.35,-28576,15,-1,drama,US
Car Masters: Rust to Riches,2018,7.35,-28576,15,-1,reality,US
Naruto,2002,7.35,-28576,15,-1,scifi,JP
The Originals,2013,7.35,-28576,15,-1,scifi,US
Fauda,2015,7.35,-28576,15,-1,war,IL
Sex Education,2019,7.35,-28576,15,-1,drama,GB
Kingdom,2019,7.35,-28576,15,-1,action,KR
Money Heist,2017,7.35,-28576,15,-1,crime,ES
Young Royals,2021,7.35,-28576,15,-1,drama,SE
Atypical,2017,7.35,-28576,15,-1,comedy,US
Gurren Lagann,2007,7.35,-28576,15,-1,scifi,JP
30 Rock,2006,7.35,-28576,15,-1,comedy,US
Castlevania,2017,7.35,-28576,15,-1,scifi,US
Kim's Convenience,2016,7.35,-28576,15,-1,comedy,CA
Master of None,2015,7.35,-28576,15,-1,drama,US
Longmire,2012,7.35,-28576,15,-1,western,US
Call My Agent!,2015,7.35,-28576,15,-1,comedy,FR
The Get Down,2016,7.35,-28576,15,-1,drama,US
Sense8,2015,7.35,-28576,15,-1,scifi,US
One Day at a Time,2017,7.35,-28576,15,-1,comedy,US
The Kominsky Method,2018,7.35,-28576,15,-1,drama,US
Itaewon Class,2020,7.35,-28576,15,-1,drama,KR
The Good Place,2016,7.35,-28576,15,-1,scifi,US
Grace and Frankie,2015,7.35,-28576,15,-1,comedy,US
The Witcher,2019,7.35,-28576,15,-1,scifi,US
Locked Up,2015,7.35,-28576,15,-1,drama,ES
Gilmore Girls,2000,7.35,-28576,15,-1,comedy,US
Caliphate,2020,7.35,-28576,15,-1,war,SE
Fate/Zero,2011,7.35,-28576,15,-1,scifi,JP
The Walking Dead,2010,7.35,-28576,15,-1,action,US
anohana: The Flower We Saw That Day,2011,7.35,-28576,15,-1,drama,JP
The Trials of Gabriel Fernandez,2020,7.35,-28576,15,-1,crime,US
How to Get Away with Murder,2014,7.35,-28576,15,-1,drama,US
Derek,2013,7.35,-28576,15,-1,drama,GB
Rascal Does Not Dream of Bunny Girl Senpai,2018,7.35,-28576,15,-1,animation,JP
Wild Wild Country,2018,7.35,-28576,15,-1,crime,US
Bodyguard,2018,7.35,-28576,15,-1,war,GB
American Vandal,2017,7.35,-28576,15,-1,comedy,US
The End of the F***ing World,2017,7.35,-28576,15,-1,crime,GB
Manhunt,2017,7.35,-28576,15,-1,documentary,US
Criminal Minds,2005,7.35,-28576,15,-1,thriller,US
HAPPY!,2017,7.35,-28576,15,-1,scifi,US
Orange Is the New Black,2013,7.35,-28576,15,-1,drama,US
Star Trek: Deep Space Nine,1993,7.35,-28576,15,-1,scifi,US
Lovesick,2014,7.35,-28576,15,-1,comedy,GB
Lucifer,2016,7.35,-28576,15,-1,scifi,US
F is for Family,2015,7.35,-28576,15,-1,comedy,US
Don't F**k with Cats: Hunting an Internet Killer,2019,7.35,-28576,15,-1,crime,US
GLOW,2017,7.35,-28576,15,-1,drama,US
The Umbrella Academy,2019,7.35,-28576,15,-1,comedy,US
Tabula Rasa,2017,7.35,-28576,15,-1,drama,BE
Dead to Me,2019,7.35,-28576,15,-1,drama,US
The Mechanism,2018,7.35,-28576,15,-1,drama,BR
Squid Game,2021,7.35,-28576,15,-1,action,KR
Toradora!,2008,7.35,-28576,15,-1,animation,JP
Comedians in Cars Getting Coffee,2012,7.35,-28576,15,-1,comedy,US
Marco Polo,2014,7.35,-28576,15,-1,action,US
Travelers,2016,7.35,-28576,15,-1,scifi,CA
The Blacklist,2013,7.35,-28576,15,-1,drama,US
Unorthodox,2020,7.35,-28576,15,-1,drama,DE
Inside Bill's Brain: Decoding Bill Gates,2019,7.35,-28576,15,-1,documentary,US
On My Block,2018,7.35,-28576,15,-1,comedy,US
Medici: Masters of Florence,2016,7.35,-28576,15,-1,war,GB
The Seven Deadly Sins,2014,7.35,-28576,15,-1,action,JP
Queen of the South,2016,7.35,-28576,15,-1,drama,US
KILL la KILL,2013,7.35,-28576,15,-1,action,JP
Bloodline,2015,7.35,-28576,15,-1,drama,US
Into the Badlands,2015,7.35,-28576,15,-1,action,US
Merlin,2008,7.35,-28576,15,-1,action,GB
InuYasha,2000,7.35,-28576,15,-1,action,JP
Altered Carbon,2018,7.35,-28576,15,-1,scifi,US
The OA,2016,7.35,-28576,15,-1,scifi,US
Resurrection: Ertugrul,2014,7.35,-28576,15,-1,war,TR
The Borgias,2011,7.35,-28576,15,-1,drama,CA
Lilyhammer,2012,7.35,-28576,15,-1,crime,NO
Boys Over Flowers,2009,7.35,-28576,15,-1,comedy,KR
I Think You Should Leave with Tim Robinson,2019,7.35,-28576,15,-1,comedy,US
Suburra: Blood on Rome,2017,7.35,-28576,15,-1,crime,IT
The Sinner,2017,7.35,-28576,15,-1,crime,US
The Spy,2019,7.35,-28576,15,-1,drama,FR
Santa Clarita Diet,2017,7.35,-28576,15,-1,comedy,US
How to Sell Drugs Online (Fast),2019,7.35,-28576,15,-1,drama,DE
Rise of Empires: Ottoman,2020,7.35,-28576,15,-1,documentary,TR
Big Mouth,2017,7.35,-28576,15,-1,animation,US
Versailles,2015,7.35,-28576,15,-1,drama,CA
She-Ra and the Princesses of Power,2018,7.35,-28576,15,-1,scifi,US
A Series of Unfortunate Events,2017,7.35,-28576,15,-1,action,US
Gotham,2014,7.35,-28576,15,-1,scifi,US
Workin' Moms,2017,7.35,-28576,15,-1,comedy,CA
Russian Doll,2019,7.35,-28576,15,-1,drama,US
Sweet Tooth,2021,7.35,-28576,15,-1,scifi,US
Imposters,2017,7.35,-28576,15,-1,drama,US
iZombie,2015,7.35,-28576,15,-1,scifi,US
Conversations with a Killer: The Ted Bundy Tapes,2019,7.35,-28576,15,-1,crime,US
Never Have I Ever,2020,7.35,-28576,15,-1,drama,US
My Name,2021,7.35,-28576,15,-1,thriller,KR
Happy Endings,2011,7.35,-28576,15,-1,comedy,US
Crazy Ex-Girlfriend,2015,7.35,-28576,15,-1,comedy,US
El Chapo,2017,7.35,-28576,15,-1,drama,US
NCIS,2003,7.35,-28576,15,-1,action,US
Jane the Virgin,2014,7.35,-28576,15,-1,drama,US
Undercover,2019,7.35,-28576,15,-1,drama,BE
DOTA: Dragon's Blood,2021,7.35,-28576,15,-1,scifi,US
The Innocent,2021,7.35,-28576,15,-1,crime,ES
The Staircase,2004,7.35,-28576,15,-1,crime,FR
Giri/Haji,2019,7.35,-28576,15,-1,thriller,GB
Angel Beats!,2010,7.35,-28576,15,-1,scifi,JP
Love,2016,7.35,-28576,15,-1,drama,US
In the Dark,2019,7.35,-28576,15,-1,comedy,US
Midnight Mass,2021,7.35,-28576,15,-1,action,US
The Vampire Diaries,2009,7.35,-28576,15,-1,scifi,US
Alias Grace,2017,7.35,-28576,15,-1,drama,CA
You,2018,7.35,-28576,15,-1,thriller,US
Norsemen,2016,7.35,-28576,15,-1,comedy,NO
Good Girls,2018,7.35,-28576,15,-1,comedy,US
Seven Seconds,2018,7.35,-28576,15,-1,crime,US
The Chestnut Man,2021,7.35,-28576,15,-1,crime,DK
Crashing,2016,7.35,-28576,15,-1,comedy,GB
Maniac,2018,7.35,-28576,15,-1,drama,US
New Girl,2011,7.35,-28576,15,-1,comedy,US
Miraculous: Tales of Ladybug & Cat Noir,2015,7.35,-28576,15,-1,romance,FR
Home for Christmas,2019,7.35,-28576,15,-1,comedy,NO
Inside Job,2021,7.35,-28576,15,-1,comedy,US
The Serpent,2021,7.35,-28576,15,-1,drama,GB
Alice in Borderland,2020,7.35,-28576,15,-1,action,JP
Spinning Out,2020,7.35,-28576,15,-1,drama,US
Messiah,2020,7.35,-28576,15,-1,drama,US
Teenage Bounty Hunters,2020,7.35,-28576,15,-1,action,US
Shadow and Bone,2021,7.35,-28576,15,-1,scifi,US
The Devil Next Door,2019,7.35,-28576,15,-1,documentary,US
My Little Pony: Friendship Is Magic,2010,7.35,-28576,15,-1,scifi,CA
The Magicians,2015,7.35,-28576,15,-1,drama,US
Bordertown,2016,7.35,-28576,15,-1,drama,FI
Unbreakable Kimmy Schmidt,2015,7.35,-28576,15,-1,comedy,US
Chicago Med,2015,7.35,-28576,15,-1,drama,US
The 100,2014,7.35,-28576,15,-1,drama,US
The Flash,2014,7.35,-28576,15,-1,scifi,US
Cable Girls,2017,7.35,-28576,15,-1,drama,ES
Criminal: UK,2019,7.35,-28576,15,-1,drama,GB
Devilman Crybaby,2018,7.35,-28576,15,-1,scifi,JP
Madam Secretary,2014,7.35,-28576,15,-1,war,US
Sword Art Online,2012,7.35,-28576,15,-1,scifi,JP
Gilmore Girls: A Year in the Life,2016,7.35,-28576,15,-1,comedy,US
Dead Set,2008,7.35,-28576,15,-1,scifi,GB
Grey's Anatomy,2005,7.35,-28576,15,-1,drama,US
Goosebumps,1995,7.35,-28576,15,-1,scifi,CA
Love 101,2020,7.35,-28576,15,-1,comedy,TR
Shooter,2016,7.35,-28576,15,-1,war,US
Reign,2013,7.35,-28576,15,-1,drama,US
Blue Exorcist,2011,7.35,-28576,15,-1,scifi,JP
Outer Banks,2020,7.35,-28576,15,-1,action,US
Arrow,2012,7.35,-28576,15,-1,action,US
Halston,2021,7.35,-28576,15,-1,drama,US
The Night Shift,2014,7.35,-28576,15,-1,drama,US
The Heirs,2013,7.35,-28576,15,-1,drama,KR
The Politician,2019,7.35,-28576,15,-1,comedy,US
Ragnarok,2020,7.35,-28576,15,-1,action,NO
Everything Sucks!,2018,7.35,-28576,15,-1,drama,US
Frequency,2016,7.35,-28576,15,-1,scifi,US
Dark Matter,2015,7.35,-28576,15,-1,scifi,CA
Night Stalker: The Hunt for a Serial Killer,2021,7.35,-28576,15,-1,crime,US
Dash & Lily,2020,7.35,-28576,15,-1,comedy,US
True Story,2021,7.35,-28576,15,-1,drama,US
Hollywood,2020,7.35,-28576,15,-1,drama,US
Designated Survivor,2016,7.35,-28576,15,-1,war,US
Quicksand,2019,7.35,-28576,15,-1,drama,SE
Feel Good,2020,7.35,-28576,15,-1,drama,GB
Dogs of Berlin,2018,7.35,-28576,15,-1,drama,DE
Evil Genius,2018,7.35,-28576,15,-1,crime,US
13 Reasons Why,2017,7.35,-28576,15,-1,drama,US
Lupin,2021,7.35,-28576,15,-1,crime,FR
All of Us Are Dead,2022,7.35,-28576,15,-1,action,KR
I Am Not Okay with This,2020,7.35,-28576,15,-1,comedy,US
